ProlificID,Category,Score,DF_pct,non_DF_pct,correct_said_DF,correct_said_non_DF,mean_conf,num_said_DF,num_said_non_DF
5e756089012a870cf4e4083d,Control,10,77.77777778,27.27272727,46.66666667,60,4.7,15,5
5d3873197860c8001a106e02,Advice with Reminders,14,77.77777778,63.63636364,63.63636364,77.77777778,7.6,11,9
5c63654ecca42100018e46c2,Control,11,0,100,N/A,55,8.85,0,20
5e6919c9d1e0d41c51c0a182,Control,9,45.45454545,44.44444444,50,40,2.55,10,10
5f06ee44c10cab2655ea3822,Advice with Reminders,17,76.92307692,100,100,70,6.85,10,10
5f51f22a133110449730bf69,One-Time Advice,13,0,92.85714286,0,68.42105263,8.4,1,19
5c741aac5d19e300179d39ac,One-Time Advice,12,90,30,56.25,75,8.95,16,4
5bd31e5125db7b000178ee66,Familiarization,10,30.76923077,85.71428571,80,40,6.45,5,15
5ece3f660e92801e30440344,One-Time Advice,10,40,60,50,50,6.1,8,12
5e6d3ce53295e8000aefafa9,Advice with Reminders,10,45.45454545,55.55555556,55.55555556,45.45454545,6.65,9,11
5e936396eef45e6a3d9efdbd,Control,14,50,90,83.33333333,64.28571429,7.7,6,14
5f43a2f049b21705ff66f874,Control,14,66.66666667,72.72727273,66.66666667,72.72727273,7.55,9,11
5ef12a14ab53a21a9012b389,Familiarization,12,85.71428571,46.15384615,46.15384615,85.71428571,5.55,13,7
5c9214df14a676000191ebc1,One-Time Advice,18,83.33333333,100,100,80,7.6,10,10
5e67a7d13413ff01776d1ed8,One-Time Advice,14,81.81818182,55.55555556,69.23076923,71.42857143,6.9,13,7
5da3501124681c0015e6f56c,One-Time Advice,17,91.66666667,75,84.61538462,85.71428571,8.5,13,7
5baf6705848bbd0001d6fc8a,Control,19,90,100,100,90.90909091,7.7,9,11
5ef0e2a7583f1b16a56eb64b,One-Time Advice,15,87.5,66.66666667,63.63636364,88.88888889,6.05,11,9
5f2de0578d98741203ca1050,One-Time Advice,10,38.46153846,71.42857143,71.42857143,38.46153846,8.05,7,13
5be0a504030a2d0001e54ffe,Control,14,80,60,66.66666667,75,8.1,12,8
5dd2759d98981d2840e20a09,Control,10,54.54545455,44.44444444,54.54545455,44.44444444,6.3,11,9
5ef0042ccace09198128cc8e,Familiarization,7,45.45454545,22.22222222,41.66666667,25,3.4,12,8
5e540df1d5b22f034c3b38c5,Control,9,10,80,33.33333333,47.05882353,8.3,3,17
5edb938bf16dff017dd529c2,One-Time Advice,11,37.5,66.66666667,42.85714286,61.53846154,8.8,7,13
5f528ccb45c96e5607c1b41d,Advice with Reminders,14,0,93.33333333,0,73.68421053,8.4,1,19
5c43af1c3be7b70001fd413d,One-Time Advice,15,90,60,69.23076923,85.71428571,7.35,13,7
5f5237fcaf03924ab9a224ce,Advice with Reminders,11,38.46153846,85.71428571,83.33333333,42.85714286,8.7,6,14
5e8da7ab94a98c030a55a8f2,One-Time Advice,15,69.23076923,85.71428571,90,60,6.65,10,10
5eee37c966da9e2aefeab79e,Control,14,80,66.66666667,44.44444444,90.90909091,8.35,9,11
5da3a4d85ad0bf00134e8116,Control,13,90.90909091,33.33333333,62.5,75,6.05,16,4
5c1f8ab60091e40001c88b47,One-Time Advice,12,50,66.66666667,50,66.66666667,7.45,8,12
5f0ef10b2be69f000842b5e8,One-Time Advice,13,58.33333333,75,77.77777778,54.54545455,7,9,11
5eea1a61a8405e06e33ae769,One-Time Advice,5,8.333333333,50,20,26.66666667,7.3,5,15
5f1ae1ef8e813308608ac34b,Control,10,55.55555556,45.45454545,45.45454545,55.55555556,5.4,11,9
5d7957036797da0019537ad1,Control,8,55.55555556,27.27272727,38.46153846,42.85714286,5.6,13,7
5dc1e79c880a2915309a8ee3,Control,11,75,41.66666667,46.15384615,71.42857143,6.1,13,7
5eeca8d15ed7a304c006a793,Control,16,71.42857143,84.61538462,71.42857143,84.61538462,7.25,7,13
5f04ad6a45937e764b3da78d,One-Time Advice,14,63.63636364,77.77777778,77.77777778,63.63636364,7.75,9,11
5ef698a927c8ea38d5bcc192,Control,15,62.5,83.33333333,71.42857143,76.92307692,6.2,7,13
5f047492d2fab66d8797eca1,Control,12,54.54545455,66.66666667,66.66666667,54.54545455,7.45,9,11
5f216aeba51ad20507926e48,Advice with Reminders,9,0,100,N/A,45,9,0,20
5d775016384b51001555a7d0,Control,5,9.090909091,44.44444444,16.66666667,28.57142857,5.75,6,14
5befe2ef7c38740001698b0e,Advice with Reminders,9,50,42.85714286,27.27272727,66.66666667,5.85,11,9
5ee83da8817af0000d47448f,Control,12,66.66666667,54.54545455,54.54545455,66.66666667,2.9,11,9
5d62a36c6da6c6001af091ca,Familiarization,11,40,70,57.14285714,53.84615385,3.7,7,13
5f1738718438f507adca8912,Advice with Reminders,15,83.33333333,62.5,76.92307692,71.42857143,7.25,13,7
5e93323260a437027d6c7c9a,One-Time Advice,13,60,70,66.66666667,63.63636364,7.3,9,11
5e83bbdf56541b10a1a8e360,Advice with Reminders,11,50,60,55.55555556,54.54545455,4.55,9,11
5f3c8a006375d854f90d73a7,Control,16,90,70,75,87.5,7.25,12,8
5eb301466978290d5f284326,One-Time Advice,13,66.66666667,63.63636364,60,70,5.65,10,10
5ed8ff3ba009f206b537c0b9,One-Time Advice,17,76.92307692,100,100,70,6.15,10,10
5d069530ad18d40019bb768f,One-Time Advice,15,50,100,100,66.66666667,6.85,5,15
5ee4f80992385c081c7b6b9c,Advice with Reminders,7,30,40,33.33333333,36.36363636,8.35,9,11
5eee33083ba3132abd2b68d0,Familiarization,12,70,50,58.33333333,62.5,4.85,12,8
5cc1d40a0c244900013b90b2,One-Time Advice,10,50,50,40,60,7.05,10,10
5f10d986c17a1b14906801a6,Advice with Reminders,14,100,40,62.5,100,8.4,16,4
5f1dc98275bced0515d80838,Familiarization,12,66.66666667,50,66.66666667,50,7.65,12,8
5f4e1499564c069da6190d2c,Advice with Reminders,13,70,60,63.63636364,66.66666667,5.55,11,9
5eee840898ebb533de4b4eb0,Advice with Reminders,12,50,70,62.5,58.33333333,5.85,8,12
5c9cb670b472d0001295f377,Control,11,0,100,N/A,55,8.9,0,20
5cb5c76bace91300180ca56b,Familiarization,14,75,66.66666667,60,80,7.7,10,10
5d88d28b9e812e0001ffc060,Familiarization,8,44.44444444,36.36363636,36.36363636,44.44444444,7.55,11,9
5f234c07dcae79044d82f4e5,Advice with Reminders,12,66.66666667,50,66.66666667,50,6.35,12,8
5e8e06cbdf10df0a811b6f29,Control,13,0,92.85714286,0,68.42105263,7.45,1,19
5f2c61bdab862512d02c69d4,Advice with Reminders,14,54.54545455,88.88888889,85.71428571,61.53846154,7.4,7,13
5ed259838cd1b21bd2119ef0,One-Time Advice,16,92.30769231,57.14285714,80,80,6.15,15,5
5e6d3324f14d262fced5bbfe,Control,13,46.15384615,100,100,50,4.9,6,14
5d5ec993a617c9001f735979,Control,11,54.54545455,55.55555556,60,50,3.9,10,10
5f3c25c29290cba4550afb61,Control,6,22.22222222,36.36363636,22.22222222,36.36363636,6.25,9,11
594d5ab06208900001db0077,Advice with Reminders,10,50,50,40,60,6.8,10,10
5f37e8722fd48928dcfb96a9,One-Time Advice,14,76.92307692,57.14285714,76.92307692,57.14285714,6.8,13,7
5cc1e06fda600e0019981f0f,Familiarization,14,63.63636364,77.77777778,77.77777778,63.63636364,7.65,9,11
5d430fdf871f1700017b2a81,Familiarization,8,22.22222222,54.54545455,28.57142857,46.15384615,6.75,7,13
5f0c7c8c1ce4d20bc3aff06c,Familiarization,10,54.54545455,44.44444444,54.54545455,44.44444444,6,11,9
5c7ad9489e03960001743019,Familiarization,15,50,91.66666667,80,73.33333333,7.75,5,15
5b4acec4ff74970001255857,Familiarization,14,77.77777778,63.63636364,63.63636364,77.77777778,7.1,11,9
5e94547c20456a79c2d1aca4,Advice with Reminders,14,100,50,57.14285714,100,6.8,14,6
5e10503d946e9772bc703701,Advice with Reminders,20,100,100,100,100,9,8,12
5e3314e25bfa432e9defe8c7,Advice with Reminders,14,90.90909091,44.44444444,66.66666667,80,6.2,15,5
5e9dd814910d621387801b01,One-Time Advice,15,90,60,69.23076923,85.71428571,6.45,13,7
5f49977ef1863a506f0f0d29,One-Time Advice,11,25,100,100,47.05882353,8.35,3,17
5f1097e79bca13372f0a2189,Control,10,44.44444444,54.54545455,44.44444444,54.54545455,7.7,9,11
5d25eeb8c687a10019ef1a3f,Control,12,75,50,50,75,6.2,12,8
5de90af803356502f3be9818,Advice with Reminders,13,42.85714286,76.92307692,50,71.42857143,7.7,6,14
5f52b814c34340081b832c85,One-Time Advice,10,9.090909091,100,100,47.36842105,8.8,1,19
5c9ce9054a839d0001e78133,Advice with Reminders,15,86.66666667,40,81.25,50,4.85,16,4
5b24fa12ba31fb00012539f4,Familiarization,13,72.72727273,55.55555556,66.66666667,62.5,5.1,12,8
5f1440f2a1fc7f000b3a631a,One-Time Advice,12,11.11111111,100,100,57.89473684,7.9,1,19
5eea5a4660980e0bf81750b1,One-Time Advice,6,100,0,30,N/A,8.95,20,0
5f529c1ff44f15582cd661ff,One-Time Advice,8,12.5,58.33333333,16.66666667,50,7.75,6,14
5f103eca55e9ae00098969e5,Control,10,25,66.66666667,33.33333333,57.14285714,7.1,6,14
5ea5a81513923f593cd94b07,One-Time Advice,16,88.88888889,72.72727273,72.72727273,88.88888889,6.75,11,9
5f536f65af039266f30d51e1,Advice with Reminders,15,75,75,81.81818182,66.66666667,6.05,11,9
5f232a146538880b6224b192,Familiarization,9,60,40,25,75,8.4,12,8
5d6bfd05a90a23000146f8f2,Advice with Reminders,12,63.63636364,55.55555556,63.63636364,55.55555556,6.55,11,9
5ed803ad3b309d12d052f1b5,One-Time Advice,13,54.54545455,77.77777778,75,58.33333333,7.55,8,12
5f29e28891ec7717cd0cc69b,One-Time Advice,13,70,60,63.63636364,66.66666667,7.25,11,9
5d3ef88dbaf11000191edae4,One-Time Advice,16,85.71428571,66.66666667,85.71428571,66.66666667,5.55,14,6
5e89dda1762f3c66d9b9ca68,One-Time Advice,8,10,70,25,43.75,5.7,4,16
5cd8994a8dcfe200197d97c8,One-Time Advice,12,72.72727273,44.44444444,61.53846154,57.14285714,7.3,13,7
5ee57a019e80f50008aba206,One-Time Advice,12,66.66666667,54.54545455,54.54545455,66.66666667,7.95,11,9
5f3f05b944f8b51e769bfb0a,Control,16,80,80,80,80,6.35,10,10
5d2591d8215be8001a487669,Familiarization,10,88.88888889,18.18181818,47.05882353,66.66666667,7.45,17,3
5f3136f81f22495dc23a6e12,Advice with Reminders,10,100,16.66666667,44.44444444,100,6.05,18,2
5f05133545937e80340e1b08,Familiarization,15,66.66666667,81.81818182,75,75,6.2,8,12
5da3651811cd6a0011e316c0,Control,17,75,100,100,72.72727273,5.75,9,11
5e65881bbd503a3160fc0394,Control,9,60,30,46.15384615,42.85714286,6,13,7
5c38c00ff0ae4c00011233f2,One-Time Advice,9,46.15384615,42.85714286,60,30,5.65,10,10
5ead9ec5df23cb44bf7e68fe,Control,9,30,60,42.85714286,46.15384615,7.65,7,13
5f40746d48465a1b9b769c5c,Control,12,54.54545455,66.66666667,66.66666667,54.54545455,6.8,9,11
5f07839440840b3a2e4d2582,One-Time Advice,11,40,60,25,75,7.65,8,12
5d4463ecb53d1e0018e67f42,One-Time Advice,15,50,85.71428571,60,80,7.8,5,15
5f2dbc04160a0f0d88ee4440,Familiarization,12,75,37.5,64.28571429,50,7.25,14,6
5f45287094681d0acfdf1f02,Control,11,33.33333333,72.72727273,50,57.14285714,6.7,6,14
5ec46c6732c4221a7341e5fc,Advice with Reminders,16,90.90909091,66.66666667,76.92307692,85.71428571,6.25,13,7
5f1f4497da321e111475a32e,Control,15,72.72727273,77.77777778,80,70,4.65,10,10
5ebd6e5c4511b5069719e031,Control,14,54.54545455,88.88888889,85.71428571,61.53846154,5.45,7,13
5e3844c9244f9d04ebae9b97,Control,10,42.85714286,53.84615385,33.33333333,63.63636364,7.35,9,11
5f41a763b1a8fe17938c76d9,One-Time Advice,17,100,72.72727273,75,100,6.25,12,8
5ef4992d2757bd0632b5caf7,Control,14,53.84615385,100,100,53.84615385,8.2,7,13
5bfd25ddc93ff20001f1b791,Familiarization,5,9.090909091,44.44444444,16.66666667,28.57142857,8.1,6,14
5c9e61148766170001efc8a3,Advice with Reminders,10,62.5,41.66666667,41.66666667,62.5,6.8,12,8
5a1c5d30df3fa800015c4f66,Familiarization,18,88.88888889,90.90909091,88.88888889,90.90909091,6.3,9,11
5e822b79ff3d72075c2b4c72,Advice with Reminders,11,66.66666667,50,36.36363636,77.77777778,5.5,11,9
5d8a62d130687d001831273c,Advice with Reminders,17,77.77777778,90.90909091,87.5,83.33333333,7.05,8,12
5e8632aaf2ece7251ee23c79,One-Time Advice,13,80,50,61.53846154,71.42857143,5.05,13,7
5e808fb46817bd76bc6bdb2f,One-Time Advice,13,42.85714286,76.92307692,50,71.42857143,6.95,6,14
5ee9179c15b79228f39c6b07,Advice with Reminders,10,66.66666667,25,57.14285714,33.33333333,6.25,14,6
5c613f2859ec1d0001fe6ea8,Control,12,70,50,58.33333333,62.5,5.1,12,8
5ec550c3e472064df80f4c60,Familiarization,16,78.57142857,83.33333333,91.66666667,62.5,6.45,12,8
5f04bb887c6da1770e630b70,Familiarization,13,75,50,69.23076923,57.14285714,7.05,13,7
5ecd4ad53f44fd094d7865d4,One-Time Advice,15,87.5,66.66666667,63.63636364,88.88888889,8.4,11,9
5f1875ceca444d0424a85dfe,Control,10,44.44444444,54.54545455,44.44444444,54.54545455,6.35,9,11
5f483780a1cde52f0992e2cd,One-Time Advice,9,0,75,0,52.94117647,7.4,3,17
5eb170b25b4ec1261a01a82c,Familiarization,14,88.88888889,54.54545455,61.53846154,85.71428571,2.9,13,7
5f4e7d467b5fda067dbe1b26,One-Time Advice,10,71.42857143,38.46153846,38.46153846,71.42857143,5.8,13,7
5ede5a1df5bde40a4d158f04,One-Time Advice,13,33.33333333,90.90909091,75,62.5,8.6,4,16
5c3e2466e6ade30001a42dc6,Familiarization,15,87.5,66.66666667,63.63636364,88.88888889,6.35,11,9
5f04b80ebae317105d9acf03,Familiarization,14,80,60,66.66666667,75,4.5,12,8
5e4c5fe8a833d70cd3f76cc5,Familiarization,18,90,90,90,90,3.85,10,10
5f19b55d40cc6f0289409753,Advice with Reminders,9,60,30,46.15384615,42.85714286,5.5,13,7
5f50cf387b8dfb251db486d5,Advice with Reminders,8,36.36363636,44.44444444,44.44444444,36.36363636,8,9,11
5f199b19bebe83000834b413,Familiarization,14,62.5,75,62.5,75,7.35,8,12
5ebdb2fc3af5d90e22f99a34,Advice with Reminders,8,45.45454545,33.33333333,45.45454545,33.33333333,4.95,11,9
5c1d414110677f0001d9db1b,Advice with Reminders,17,87.5,83.33333333,77.77777778,90.90909091,6.85,9,11
5ea988b7f185340bd97c8f35,One-Time Advice,14,55.55555556,81.81818182,71.42857143,69.23076923,7.2,7,13
5db74911fe9521000b21f667,One-Time Advice,11,55.55555556,54.54545455,50,60,6.2,10,10
5dcfceca9dac7c0cfcacd801,Control,8,26.66666667,80,80,26.66666667,6.6,5,15
5f445999826aec79eb85462e,Familiarization,11,73.33333333,0,68.75,0,5.6,16,4
5f2dc04ae81ec50f0b8ea40f,Control,15,66.66666667,81.81818182,75,75,6.95,8,12
5f3ac8c4b05fd876a147bc95,Control,9,55.55555556,36.36363636,41.66666667,50,6.1,12,8
5db85ef927db78000dcd3d5c,Advice with Reminders,16,81.81818182,77.77777778,81.81818182,77.77777778,5.25,11,9
5eaacc906327e802e479969a,Control,15,60,90,85.71428571,69.23076923,7.35,7,13
5eb50afdca570737e937e911,Familiarization,12,55.55555556,63.63636364,55.55555556,63.63636364,7.65,9,11
5bb2db13f05e410001fa0c8a,Control,14,60,100,100,45.45454545,7.7,9,11
5f52feb680ec78616bb452e9,One-Time Advice,16,81.81818182,77.77777778,81.81818182,77.77777778,7.2,11,9
5eecf71ff9be240d72d2dddf,One-Time Advice,12,90.90909091,22.22222222,58.82352941,66.66666667,7.9,17,3
5aeab425f00c7f00018f74d0,Control,12,55.55555556,63.63636364,55.55555556,63.63636364,4.7,9,11
5f0f1c2457b47605c693bf2a,One-Time Advice,13,72.72727273,55.55555556,66.66666667,62.5,8,12,8
5eefb573e70cea4a5d503d04,Familiarization,16,88.88888889,72.72727273,72.72727273,88.88888889,8.1,11,9
5ed611c3261ea70008cc0d82,Familiarization,12,77.77777778,45.45454545,53.84615385,71.42857143,6.95,13,7
5d30e6ef53416100199ad7bf,Control,8,0,100,N/A,40,8.85,0,20
5ed54d02957bee0c0de36cac,Advice with Reminders,16,70,90,87.5,75,8.6,8,12
5c1d4d88508cfd000103dc47,Familiarization,11,10,100,100,52.63157895,5.3,1,19
5e18d751a90da51a32381ead,Familiarization,13,100,36.36363636,56.25,100,5,16,4
5e80bbf895c1fb67bcf183bc,One-Time Advice,9,50,37.5,54.54545455,33.33333333,6.45,11,9
5e9310d77d6dc1000baa5ee7,Advice with Reminders,8,100,0,40,N/A,6.2,20,0
5f0df4e79f8ab807f164bf6e,One-Time Advice,15,66.66666667,81.81818182,75,75,7.75,8,12
5f1b5c4eff5fe735544f60fd,One-Time Advice,10,66.66666667,36.36363636,46.15384615,57.14285714,8.05,13,7
5f47da33e1e7092238fecab5,One-Time Advice,10,41.66666667,62.5,62.5,41.66666667,8.45,8,12
5f11604f0bdd0437d0c23af4,One-Time Advice,10,30,70,50,50,5.45,6,14
57a7a0e26475d400015abe19,One-Time Advice,14,80,60,66.66666667,75,7.6,12,8
5e8a39a82ba2ef6e32a80b0f,One-Time Advice,11,54.54545455,55.55555556,60,50,3.75,10,10
5f2493f93b9ab400086f2a35,Advice with Reminders,14,80,60,66.66666667,75,5.9,12,8
5cf162a99681010001ee9b83,Familiarization,10,18.18181818,88.88888889,66.66666667,47.05882353,6.85,3,17
5f1a7549aaffd718aaac63ba,Familiarization,11,45.45454545,66.66666667,62.5,50,6.75,8,12
5eeea69051049a3685791a4a,Control,10,62.5,41.66666667,41.66666667,62.5,5.7,12,8
5d20e62eacb3e5001ae38d05,One-Time Advice,11,70,40,53.84615385,57.14285714,4.9,13,7
5f4377f9d168bb019f99e19d,Familiarization,18,90.90909091,88.88888889,90.90909091,88.88888889,8.55,11,9
5e8eba50616f29171fb544f3,Familiarization,9,63.63636364,22.22222222,50,33.33333333,5.55,14,6
5ec5a55832a7515e8324a8a8,Familiarization,13,84.61538462,28.57142857,68.75,50,6.9,16,4
5e3df819d96094073a9c939a,One-Time Advice,13,72.72727273,55.55555556,66.66666667,62.5,8.75,12,8
5f0af097e7d15b3bf7734642,Control,10,20,80,50,50,7.75,4,16
5d44d67a2dc88900016f220d,Control,13,75,58.33333333,54.54545455,77.77777778,7.2,11,9
5e0d23f4805a304c6af82a0d,Advice with Reminders,14,77.77777778,63.63636364,63.63636364,77.77777778,8.8,11,9
5e9f091388f78b06571397af,Advice with Reminders,11,53.84615385,57.14285714,70,40,7.55,10,10
5eb454fa96c34729ea5cebe8,Familiarization,15,87.5,66.66666667,63.63636364,88.88888889,3.9,11,9
5f28221bb87bb70bb9731f2c,Familiarization,10,50,50,50,50,7.55,10,10
5d964792bfcce70015a46081,Familiarization,13,75,50,69.23076923,57.14285714,5.1,13,7
5c51b82ee5f7a20001e951de,One-Time Advice,10,9.090909091,100,100,47.36842105,8.85,1,19
5ef2aa5c7700a611f5f47de8,Control,7,22.22222222,45.45454545,25,41.66666667,6.95,8,12
5ee7a9e8e0191705ce2ad89c,Advice with Reminders,11,18.18181818,100,100,50,7.45,2,18
5f4d30b435c0959b7d05461c,Control,15,50,91.66666667,80,73.33333333,7.85,5,15
5e81041375b8e47f1bdf2aa4,Familiarization,7,33.33333333,36.36363636,30,40,8.35,10,10
5cacd7f1b8f48300012dce7b,One-Time Advice,12,62.5,58.33333333,50,70,6.05,10,10
5a9aa8554eecca0001dd7fdc,One-Time Advice,15,100,54.54545455,64.28571429,100,6.8,14,6
5ede88bcda6045114c261b11,Familiarization,12,63.63636364,55.55555556,63.63636364,55.55555556,6.45,11,9
5d53378bce733c00199e6133,Control,8,0,100,N/A,40,9,0,20
5d6d82acab68f90001f53194,One-Time Advice,17,81.81818182,88.88888889,90,80,6.3,10,10
5f3fd4d348ba6b0822da3b43,Control,14,58.33333333,87.5,87.5,58.33333333,7.5,8,12
5d9242a5e1b5a2001511a8da,Familiarization,7,11.11111111,54.54545455,16.66666667,42.85714286,7.25,6,14
5efbc095c9f37c16fcaa468c,Familiarization,16,88.88888889,72.72727273,72.72727273,88.88888889,5.95,11,9
5be2e76364b3000001e8ddac,One-Time Advice,13,60,70,66.66666667,63.63636364,6.05,9,11
5f01c00db92981305cc52a86,Advice with Reminders,17,100,75,72.72727273,100,5.6,11,9
5e739143d4934a023004b7fc,Advice with Reminders,16,80,80,80,80,6.65,10,10
5f46c0deb92e4907f2643443,Advice with Reminders,17,100,75,72.72727273,100,5.65,11,9
5dd92c52d3ac2aa788add9ea,Familiarization,17,100,75,72.72727273,100,6.85,11,9
5f4551fabbe3b510c84c8150,Familiarization,15,71.42857143,83.33333333,90.90909091,55.55555556,6.15,11,9
5e8841967a40f54adc0c0c59,Advice with Reminders,10,20,80,50,50,5.1,4,16
5e302a1b1d1be6020f98b214,Control,13,69.23076923,57.14285714,75,50,7.5,12,8
5e908576621d9b391f65c9b5,One-Time Advice,13,42.85714286,76.92307692,50,71.42857143,6,6,14
5b46d1c703fd6e0001250b60,Control,9,0,100,N/A,45,9,0,20
5f24dc2d7bdf7410446ed66a,One-Time Advice,16,90.90909091,66.66666667,76.92307692,85.71428571,6.95,13,7
5ee702aceb469448a93d487a,One-Time Advice,16,80,80,80,80,8.35,10,10
5f22c5d42d835c03daece002,Familiarization,14,61.53846154,85.71428571,88.88888889,54.54545455,8.85,9,11
5f4eb87d0beca80f320dd124,Advice with Reminders,13,87.5,50,53.84615385,85.71428571,6,13,7
5d7d252ed929720001b5b712,Familiarization,8,15.38461538,85.71428571,66.66666667,35.29411765,7.45,3,17
5ef3c2c323120d16f3535e74,Advice with Reminders,15,100,54.54545455,64.28571429,100,7.25,14,6
5eadcf624a9aaa4910e63adb,Control,10,54.54545455,44.44444444,54.54545455,44.44444444,7.75,11,9
5e8924a480d3525ba463e363,Familiarization,13,63.63636364,66.66666667,70,60,6.65,10,10
5e6eee3b59a3bd4ab98f849e,One-Time Advice,16,70,90,87.5,75,7.9,8,12
5f4d6f47e733dd18c888aab3,Control,16,81.81818182,77.77777778,81.81818182,77.77777778,4.95,11,9
5e95c0a2deb85e0009f071ec,One-Time Advice,11,54.54545455,55.55555556,60,50,8,10,10
5e3e6beff8f4240d199e1347,Control,9,63.63636364,22.22222222,50,33.33333333,6.75,14,6
5d93d16d913bf2001a6f9017,Advice with Reminders,14,81.81818182,55.55555556,69.23076923,71.42857143,5.4,13,7
5ece738d76cf9722c9c738e2,Familiarization,11,50,60,55.55555556,54.54545455,6.5,9,11
5ec3381a886542191434bb15,Advice with Reminders,8,50,30,41.66666667,37.5,6.75,12,8
5cca9fcef65280001960eb45,Familiarization,11,66.66666667,37.5,61.53846154,42.85714286,7.15,13,7
5b87f066be99ab000151b486,Familiarization,11,37.5,66.66666667,42.85714286,61.53846154,7.9,7,13
5ec6630a05a90702a2a71757,Control,14,75,62.5,75,62.5,7.1,12,8
5eab0cf0edd13c0b7e909698,Advice with Reminders,14,80,60,66.66666667,75,7.15,12,8
5d41251e79dcfd0001e1c3e1,One-Time Advice,11,70,40,53.84615385,57.14285714,7.05,13,7
5f0b0da05a4ca33f2c0fb222,One-Time Advice,12,0,100,N/A,60,9,0,20
5baf6364f1f9ba00013f7893,Control,12,30,90,75,56.25,6.6,4,16
5d3a286034acef001ceb73ac,Advice with Reminders,19,92.30769231,100,100,87.5,7.25,12,8
58905562670d6600012bda4b,One-Time Advice,16,85.71428571,66.66666667,85.71428571,66.66666667,7.9,14,6
5dbb6eaf9f4c94178fc8b7c5,Familiarization,15,66.66666667,87.5,88.88888889,63.63636364,8.25,9,11
5db643d245c296000bdf256b,One-Time Advice,18,100,85.71428571,75,100,7.6,8,12
5e2a0c147554ec075dcd5030,Familiarization,12,66.66666667,40,76.92307692,28.57142857,6.4,13,7
5f3a84149afb5d69102176af,Control,15,90.90909091,55.55555556,71.42857143,83.33333333,8.55,14,6
5e86116068b86421a020e345,Advice with Reminders,13,100,36.36363636,56.25,100,6.6,16,4
5f0887026770cf0a56926f4a,Advice with Reminders,8,75,16.66666667,37.5,50,7.25,16,4
5c725b606908be0001b47b14,Familiarization,10,27.27272727,77.77777778,60,46.66666667,6.1,5,15
5ccff7a28c978d00177c5a71,Advice with Reminders,18,100,80,83.33333333,100,6.4,12,8
5eb03bbe9d57e50aca80dd11,Familiarization,11,66.66666667,45.45454545,50,62.5,8.05,12,8
5ef317b643115901d7d82304,One-Time Advice,13,72.72727273,55.55555556,66.66666667,62.5,7.05,12,8
5c59b060c16a6a0001c09337,Familiarization,13,63.63636364,66.66666667,70,60,7.65,10,10
5bb0cc738f3bd70001e513e3,Familiarization,10,57.14285714,46.15384615,36.36363636,66.66666667,4.75,11,9
5f4ba6c8b9111905dc47834c,Control,10,45.45454545,55.55555556,55.55555556,45.45454545,7.05,9,11
5d470e24c46fcd001a238820,Advice with Reminders,10,46.15384615,57.14285714,66.66666667,36.36363636,8.15,9,11
5f15f619399eaf744fe91aaa,One-Time Advice,17,85.71428571,83.33333333,92.30769231,71.42857143,7.6,13,7
5ecd21dec04cca02c9032485,One-Time Advice,9,66.66666667,35.71428571,30.76923077,71.42857143,6.2,13,7
5beca582fcb5fe0001259b1e,One-Time Advice,10,57.14285714,46.15384615,36.36363636,66.66666667,7.8,11,9
5ebc52a95cd35c08d53ea6cb,One-Time Advice,15,80,70,72.72727273,77.77777778,5.55,11,9
5e6365ff8bec3a0e941a3556,Control,10,40,60,50,50,7.95,8,12
5c4254f4d77d7c000189ac0f,One-Time Advice,11,77.77777778,36.36363636,50,66.66666667,8.25,14,6
5eb9a6fad80e5e0c1fc3a783,One-Time Advice,14,100,60,45.45454545,100,7.2,11,9
5ed63dfa784b9304ab3deb04,Familiarization,11,71.42857143,46.15384615,41.66666667,75,7.3,12,8
5f2d7dd767a4ed044e1332a0,Control,11,50,62.5,66.66666667,45.45454545,6.8,9,11
5dfd707ee86356a5c39dc247,Familiarization,9,8.333333333,100,100,42.10526316,0,1,19
5f1ead50d0262c000859a302,Control,10,37.5,58.33333333,37.5,58.33333333,7.85,8,12
5f51e82d007af042a2f96b28,Advice with Reminders,8,0,100,N/A,40,8.95,0,20
5e6748ca7c61014ba7747a73,Familiarization,10,66.66666667,42.85714286,33.33333333,75,7.75,12,8
5de6d5557544ea070b13d83a,Control,13,58.33333333,75,77.77777778,54.54545455,7.9,9,11
5db396d5b449ad000cbfc38c,Advice with Reminders,12,100,20,55.55555556,100,6,18,2
5e359c04a9768953d12d61b1,One-Time Advice,13,66.66666667,64.28571429,44.44444444,81.81818182,7.1,9,11
5ebe6f716af68007472aff9a,Familiarization,12,70,50,58.33333333,62.5,7.45,12,8
5f1784974a47e11215705c84,Advice with Reminders,18,90,90,90,90,7.45,10,10
5f1f0497626bc308222f6be8,Control,13,44.44444444,81.81818182,66.66666667,64.28571429,3.55,6,14
5eb523523a39fe01bd835f5a,Familiarization,12,55.55555556,63.63636364,55.55555556,63.63636364,6.6,9,11
5c9e9489cd5aa10018208637,Control,15,75,75,66.66666667,81.81818182,5.45,9,11
5e9a2f3ec68a310c7dd56619,Advice with Reminders,15,100,50,66.66666667,100,7.55,15,5
5e99db89975cb4052ee331c6,Advice with Reminders,13,77.77777778,54.54545455,58.33333333,75,7,12,8
5be76184b863d70001604e3b,Control,15,69.23076923,85.71428571,90,60,7.75,10,10
5e8723a777cf5a36abbeab60,Familiarization,13,76.92307692,42.85714286,71.42857143,50,5.85,14,6
5ead7c4983d0054338fe507c,Control,13,22.22222222,100,100,61.11111111,8,2,18
5ee3ded1c6b67d0bbf76c201,Advice with Reminders,13,90,40,60,80,6.45,15,5
5f19e47b104f7909bf450163,Advice with Reminders,12,66.66666667,50,66.66666667,50,6.55,12,8
5d2761f804e2d20015d79448,Control,16,81.81818182,77.77777778,81.81818182,77.77777778,7.8,11,9
5f2d51b1806eeb2cb0a91ddf,One-Time Advice,16,91.66666667,62.5,78.57142857,83.33333333,7.25,14,6
